id,name,email
1,장채원,user1@example.com
2,조윤서,user2@example.com
3,정시우,user3@example.com
4,전채원,user4@example.com
5,윤채원,user5@example.com
6,신현우,user6@example.com
7,최수빈,user7@example.com
8,신지민,user8@example.com
9,신지유,user9@example.com
10,권서윤,user10@example.com
11,최서윤,user11@example.com
12,서주원,user12@example.com
13,최지아,user13@example.com
14,조현우,user14@example.com
15,송준서,user15@example.com
16,정지유,user16@example.com
17,강하준,user17@example.com
18,권지아,user18@example.com
19,박준서,user19@example.com
20,송수빈,user20@example.com
21,이윤서,user21@example.com
22,김지호,user22@example.com
23,윤예은,user23@example.com
24,신채원,user24@example.com
25,황현우,user25@example.com
26,서서윤,user26@example.com
27,강서준,user27@example.com
28,김서준,user28@example.com
29,장준서,user29@example.com
30,임지유,user30@example.com
31,송채원,user31@example.com
32,정현우,user32@example.com
33,임현우,user33@example.com
34,이시우,user34@example.com
35,송서윤,user35@example.com
36,한서윤,user36@example.com
37,이시우,user37@example.com
38,황예준,user38@example.com
39,안예은,user39@example.com
40,이예준,user40@example.com
41,박예은,user41@example.com
42,박수아,user42@example.com
43,박지아,user43@example.com
44,서수빈,user44@example.com
45,전지아,user45@example.com
46,전수아,user46@example.com
47,이수아,user47@example.com
48,박지유,user48@example.com
49,전시우,user49@example.com
50,안주원,user50@example.com
51,장주원,juwon0913@ssu.ac.kr
52,김숭실,sooongsil@ssu.ac.kr
53,아무개,amuke123123@naver.com
